"","","Account Statement"
"TEST USER"
"123 TEST STREET","","","","Cust. Reln. No.","TEST-CUST-001"
"TEST SECTOR","","","","Account No.","TEST-ACCOUNT-001"
"TEST CITY","","","","Period","From 01/09/2026 To 29/09/2026"
"TEST CITY","","","","Currency","INR"
"TEST CITY","","","","Branch","TEST BRANCH"
"TEST COUNTRY","","","","Nomination Regd","N"

"Sl. No.","Transaction Date","Value Date","Description","Chq /Ref No.","Amount","Dr / Cr","Balance","Dr / Cr"
"1","01-09-2026 09:05:40","01-09-2026","UPI/FLIPKART PAYME/HDFC/090539388151/UPIIntent","UPI-624472227435","221.00","DR","45782.89","DR"
"2","02-09-2026 10:15:20","02-09-2026","PHONEPE*DMART","UPI-624472227436","341.63","DR","45441.26","DR"
"3","03-09-2026 12:30:15","03-09-2026","POS 9104 BLINKIT","","305.88","DR","45135.38","DR"
"4","04-09-2026 18:45:00","04-09-2026","OLA*ORDER917721","UPI-624472227438","129.41","DR","45005.97","DR"
"5","05-09-2026 09:00:00","05-09-2026","UPI/423819271/LANDLORD/RENT","UPI-624472227439","9000.00","DR","36005.97","DR"
"6","06-09-2026 10:00:00","06-09-2026","SALARY/EMPLOYER","NEFT-TEST-001","35000.00","CR","71005.97","CR"
"7","07-09-2026 14:20:00","07-09-2026","UPI/SWIGGY/ybl","UPI-624472227441","450.00","DR","70555.97","DR"
"8","08-09-2026 20:10:00","08-09-2026","UPI/RAJESH KUMAR/paytm","","2000.00","DR","68555.97","DR"
"9","09-09-2026 08:30:00","09-09-2026","GROWW SIP","UPI-624472227443","4000.00","DR","64555.97","DR"
"10","10-09-2026 11:45:00","10-09-2026","BBPS/ELECTRICITY/BESCOM","BBPS-TEST-001","1850.00","DR","62705.97","DR"

"","","Closing Balance","","","","","62705.97",""
"","","Important Note","","","","","",""
