Date,Description,Debit,Credit,Balance
02/10/2025,PHONEPE*DMART,341.63,,29258.37
03/10/2025,POS 9104 BLINKIT,305.88,,28952.49
04/10/2025,OLA*ORDER917721,129.41,,28823.08
05/10/2025,UPI/423819271/LANDLORD/RENT,9000.0,,19823.08
06/10/2025,UPI/709931/RAJESH KUMAR/paytm,791.74,,19031.34
08/10/2025,ZEPTO*ORDER646476,478.01,,18553.33
09/10/2025,UPI/550316/NETFLIX,649.0,,17904.33
09/10/2025,UPI/264294/SPOTIFY,119.0,,17785.33
09/10/2025,POS 8243 MCDONALD'S,415.88,,17369.45
09/10/2025,OLA*ORDER800875,363.74,,17005.71
10/10/2025,UPI/824287/SWIGGY/ybl,208.26,,16797.45
10/10/2025,IMPS/P2A/651206/Amit Verma,461.3,,16336.15
10/10/2025,GROWW SIP,4000.0,,12336.15
11/10/2025,UPI/348893/BLINKIT/okicici,695.55,,11640.6
11/10/2025,BBPS/ELECTRICITY/BESCOM,1041.15,,10599.45
12/10/2025,UPI/462172/GYM,1499.0,,9100.45
12/10/2025,UPI/914981/DOMINOS/paytm,223.13,,8877.32
13/10/2025,ZEPTO*ORDER250275,592.43,,8284.89
14/10/2025,DOMINOS,190.87,,8094.02
14/10/2025,POS 7884 SWIGGY,434.41,,7659.61
14/10/2025,POS 6978 ZEPTO,415.97,,7243.64
14/10/2025,RAPIDO,184.81,,7058.83
15/10/2025,UPI/803409/YOUTUBE PREMIUM,149.0,,6909.83
15/10/2025,POS 5921 UBER,93.18,,6816.65
15/10/2025,MOBILE RECHARGE,499.0,,6317.65
15/10/2025,IMPS/P2A/476339/Rajesh Kumar,2069.08,,4248.57
16/10/2025,ZOMATO,338.32,,3910.25
18/10/2025,POS 7301 SWIGGY,392.57,,3517.68
18/10/2025,UPI/133536/MCDONALD'S/ybl,210.77,,3306.91
20/10/2025,DOMINOS,365.79,,2941.12
21/10/2025,IMPS/P2A/348262/Neha Gupta,1570.96,,1370.16
22/10/2025,POS 4741 INTERNET,799.0,,571.16
25/10/2025,PHONEPE*ZOMATO,266.93,,304.23
25/10/2025,GPAY*SWIGGYBLR,373.28,,-69.05
26/10/2025,GPAY*MCDONALDS,274.73,,-343.78
27/10/2025,UPI/747515/FLIPKART/okaxis,785.71,,-1129.49
30/10/2025,PHONEPE*BIGBASKET,590.01,,-1719.5
31/10/2025,NEFT-HDFC0001234-SALARY-OCT,,35000.0,33280.5
31/10/2025,POS 4274 SWIGGY,262.1,,33018.4
31/10/2025,UPI-369993-AMIT VERMA,490.4,,32528.0
01/11/2025,ZOMATO,453.93,,32074.07
01/11/2025,POS 7247 BLINKIT,217.34,,31856.73
01/11/2025,BHIM*OLA,226.08,,31630.65
01/11/2025,RAPIDO*ORDER846484,348.77,,31281.88
02/11/2025,UPI-257177-ROHIT S,1630.39,,29651.49
03/11/2025,UPI/423819271/LANDLORD/RENT,9000.0,,20651.49
05/11/2025,SWIGGY*ORDER491586,228.95,,20422.54
05/11/2025,RAPIDO,224.64,,20197.9
07/11/2025,UPI/958394/SPOTIFY,119.0,,20078.9
07/11/2025,GPAY*MCDONALDS,181.99,,19896.91
07/11/2025,BHIM*OLABLR,188.4,,19708.51
08/11/2025,UPI/590503/YOUTUBE PREMIUM,149.0,,19559.51
09/11/2025,UPI/330368/DOMINOS/okicici,261.85,,19297.66
09/11/2025,BLINKIT*ORDER388375,638.33,,18659.33
10/11/2025,UPI/826836/NETFLIX,649.0,,18010.33
10/11/2025,UPI/864799/GYM,1499.0,,16511.33
12/11/2025,PHONEPE*INTERNET,999.0,,15512.33
12/11/2025,UPI-712642-AMIT VERMA,1508.27,,14004.06
13/11/2025,GPAY*OLA,174.41,,13829.65
14/11/2025,PAYTM*BIGBASKET,564.84,,13264.81
15/11/2025,MUTUAL FUND SIP,4000.0,,9264.81
16/11/2025,SWIGGY,505.7,,8759.11
16/11/2025,POS 9322 OLA,370.04,,8389.07
17/11/2025,POS 3194 ZOMATO,132.24,,8256.83
18/11/2025,PHONEPE*FLIPKART,936.1,,7320.73
19/11/2025,RAPIDO,159.74,,7160.99
19/11/2025,BBPS/ELECTRICITY/BESCOM,974.37,,6186.62
20/11/2025,UBER*ORDER508506,91.91,,6094.71
21/11/2025,UPI/203940/MOBILE RECHARGE/paytm,599.0,,5495.71
22/11/2025,POS 9243 DOMINOS,297.94,,5197.77
23/11/2025,BHIM*BLINKIT,885.45,,4312.32
25/11/2025,UPI/385424/ZOMATO/okicici,409.76,,3902.56
25/11/2025,PHONEPE*RAPIDO,163.02,,3739.54
27/11/2025,PAYTM*SWIGGYBLR,571.83,,3167.71
27/11/2025,ZEPTO,912.17,,2255.54
28/11/2025,UPI/520642/UBER/oksbi,178.12,,2077.42
29/11/2025,NEFT-HDFC0001234-SALARY-NOV,,35000.0,37077.42
29/11/2025,BHIM*DMART,955.17,,36122.25
30/11/2025,POS 1598 AMAZON,2474.27,,33647.98
01/12/2025,IMPS/P2A/717486/Rajesh Kumar,2810.97,,30837.01
04/12/2025,UPI/673365/VIKAS JAIN/paytm,3404.46,,27432.55
04/12/2025,IMPS/P2A/803163/Neha Gupta,267.34,,27165.21
05/12/2025,UPI/423819271/LANDLORD/RENT,9000.0,,18165.21
05/12/2025,FLIPKART,961.9,,17203.31
05/12/2025,GROWW SIP,4000.0,,13203.31
06/12/2025,BHIM*RAPIDOBLR,400.15,,12803.16
08/12/2025,UPI/621427/MCDONALDS/oksbi,227.25,,12575.91
08/12/2025,DOMINOS*ORDER490256,237.67,,12338.24
08/12/2025,UPI-BIGBASKET-429752,267.19,,12071.05
09/12/2025,UPI-891279-RAJESH KUMAR,1617.57,,10453.48
10/12/2025,UPI/139127/SPOTIFY,119.0,,10334.48
10/12/2025,UPI/263348/YOUTUBE PREMIUM,149.0,,10185.48
10/12/2025,IMPS/P2A/842858/Neha Gupta,423.79,,9761.69
10/12/2025,UPI/498082/ROHIT S/paytm,1687.15,,8074.54
12/12/2025,BHIM*ZEPTO,323.88,,7750.66
12/12/2025,BHIM*MYNTRA,1963.84,,5786.82
12/12/2025,BBPS/ELECTRICITY/BESCOM,1086.27,,4700.55
13/12/2025,UPI/866017/NETFLIX,649.0,,4051.55
13/12/2025,UPI/853417/SWIGGY/okicici,128.15,,3923.4
14/12/2025,UPI/313070/GYM,1499.0,,2424.4
14/12/2025,PHONEPE*MOBILERECHARGEBLR,399.0,,2025.4
15/12/2025,UPI/754973/OLA/okicici,232.47,,1792.93
17/12/2025,UPI-UBER-216406,151.14,,1641.79
17/12/2025,UPI/225221/RAPIDO/okicici,80.1,,1561.69
19/12/2025,RAPIDO,99.92,,1461.77
20/12/2025,UPI-SWIGGY-354050,334.25,,1127.52
20/12/2025,GPAY*DOMINOSBLR,268.19,,859.33
20/12/2025,PAYTM*DMART,373.36,,485.97
21/12/2025,UPI/686725/INTERNET/paytm,899.0,,-413.03
22/12/2025,UPI/652941/BIGBASKET/paytm,457.26,,-870.29
25/12/2025,UBER,393.84,,-1264.13
26/12/2025,PHONEPE*RAPIDOBLR,228.93,,-1493.06
27/12/2025,GPAY*DMART,588.23,,-2081.29
29/12/2025,UPI-ZOMATO-183988,170.32,,-2251.61
29/12/2025,PHONEPE*BIGBASKETBLR,986.78,,-3238.39
29/12/2025,UPI/749670/RAPIDO/paytm,205.72,,-3444.11
29/12/2025,PHONEPE*OLABLR,292.36,,-3736.47
30/12/2025,NEFT-HDFC0001234-SALARY-DEC,,35000.0,31263.53
30/12/2025,PHONEPE*DOMINOSBLR,88.52,,31175.01
01/01/2026,UPI/918491/SWIGGY/paytm,355.23,,30819.78
03/01/2026,UBER*ORDER538803,248.65,,30571.13
03/01/2026,POS 8708 UBER,174.3,,30396.83
04/01/2026,BHIM*MCDONALDSBLR,458.7,,29938.13
04/01/2026,POS 1490 ZOMATO,609.48,,29328.65
05/01/2026,UPI/423819271/LANDLORD/RENT,9000.0,,20328.65
05/01/2026,UPI/699115/NETFLIX,649.0,,19679.65
05/01/2026,SWIGGY,114.59,,19565.06
05/01/2026,UPI-ZOMATO-371208,509.05,,19056.01
06/01/2026,UPI/685111/SPOTIFY,119.0,,18937.01
06/01/2026,PHONEPE*ZOMATOBLR,214.01,,18723.0
06/01/2026,UPI/235605/VIKAS JAIN/paytm,896.51,,17826.49
08/01/2026,BHIM*SWIGGY,259.16,,17567.33
09/01/2026,BHIM*SWIGGYBLR,207.07,,17360.26
11/01/2026,UPI/181396/YOUTUBE PREMIUM,149.0,,17211.26
11/01/2026,UPI-RAPIDO-576696,121.26,,17090.0
12/01/2026,UPI/907329/GYM,1499.0,,15591.0
12/01/2026,UPI-INTERNET-520053,999.0,,14592.0
13/01/2026,POS 2958 BIGBASKET,559.52,,14032.48
13/01/2026,UPI-503420-AMIT VERMA,3089.78,,10942.7
14/01/2026,PAYTM*MCDONALDS,144.32,,10798.38
14/01/2026,UPI/779796/VIKAS JAIN/paytm,3318.09,,7480.29
15/01/2026,GPAY*SWIGGY,516.65,,6963.64
15/01/2026,DOMINOS*ORDER672766,340.63,,6623.01
15/01/2026,ZEPTO,768.1,,5854.91
15/01/2026,GROWW SIP,4000.0,,1854.91
16/01/2026,UPI/504620/FLIPKART/okaxis,3615.47,,-1760.56
17/01/2026,BHIM*UBERBLR,273.5,,-2034.06
19/01/2026,UPI/132453/DMART/okaxis,315.63,,-2349.69
20/01/2026,PHONEPE*SWIGGY,347.88,,-2697.57
22/01/2026,UPI/946534/DOMINOS/paytm,242.04,,-2939.61
22/01/2026,UPI/216402/BIGBASKET/okicici,1076.99,,-4016.6
22/01/2026,UPI-BIGBASKET-687189,440.44,,-4457.04
22/01/2026,PAYTM*FLIPKART,8750.0,,-13207.04
22/01/2026,BBPS/ELECTRICITY/BESCOM,1014.16,,-14221.2
24/01/2026,POS 6767 FLIPKART,271.81,,-14493.01
25/01/2026,UPI/852673/MOBILE RECHARGE/okicici,299.0,,-14792.01
27/01/2026,UPI-RAPIDO-341887,187.75,,-14979.76
30/01/2026,NEFT-HDFC0001234-SALARY-JAN,,35000.0,20020.24
30/01/2026,BLINKIT*ORDER653227,759.01,,19261.23
30/01/2026,UPI-OLA-602484,386.34,,18874.89
31/01/2026,UPI-855161-ROHIT S,1059.66,,17815.23
01/02/2026,POS 2281 ZOMATO,209.44,,17605.79
01/02/2026,BHIM*RAPIDOBLR,113.82,,17491.97
03/02/2026,BHIM*SWIGGYBLR,131.54,,17360.43
04/02/2026,UPI/423819271/LANDLORD/RENT,9000.0,,8360.43
04/02/2026,UPI-BLINKIT-799608,295.63,,8064.8
05/02/2026,ZERODHA SIP,4000.0,,4064.8
06/02/2026,UPI-897900-AMIT VERMA,1748.99,,2315.81
07/02/2026,UPI/273304/NETFLIX,649.0,,1666.81
07/02/2026,PHONEPE*CROMA,1925.57,,-258.76
08/02/2026,UPI/274948/SPOTIFY,119.0,,-377.76
09/02/2026,UPI-MCDONALDS-445795,176.57,,-554.33
09/02/2026,UPI/774984/BLINKIT/ybl,1022.53,,-1576.86
09/02/2026,IMPS/P2A/998868/Amit Verma,963.73,,-2540.59
10/02/2026,UPI/996048/YOUTUBE PREMIUM,149.0,,-2689.59
11/02/2026,UPI/750918/GYM,1499.0,,-4188.59
11/02/2026,UPI/404610/DOMINOS/okicici,386.19,,-4574.78
11/02/2026,UBER,225.35,,-4800.13
12/02/2026,IMPS/P2A/631287/Neha Gupta,996.28,,-5796.41
13/02/2026,PHONEPE*RAPIDOBLR,248.0,,-6044.41
14/02/2026,POS 4877 ZOMATO,321.06,,-6365.47
16/02/2026,DOMINOS,316.13,,-6681.6
16/02/2026,UPI/972832/BIGBASKET/okicici,542.23,,-7223.83
16/02/2026,UPI-MOBILERECHARGE-704450,499.0,,-7722.83
17/02/2026,UPI/223139/AMIT VERMA/paytm,389.61,,-8112.44
18/02/2026,POS 2724 MCDONALD'S,199.09,,-8311.53
18/02/2026,BBPS/ELECTRICITY/BESCOM,1102.92,,-9414.45
19/02/2026,GPAY*DOMINOSBLR,250.69,,-9665.14
19/02/2026,RAPIDO,152.84,,-9817.98
21/02/2026,IMPS/P2A/407733/Neha Gupta,1890.42,,-11708.4
24/02/2026,UPI-ZOMATO-119744,188.35,,-11896.75
24/02/2026,INTERNET,799.0,,-12695.75
24/02/2026,UPI-413227-AMIT VERMA,922.1,,-13617.85
25/02/2026,UPI-ZEPTO-759171,656.73,,-14274.58
26/02/2026,BIGBASKET*ORDER966889,188.21,,-14462.79
28/02/2026,NEFT-HDFC0001234-SALARY-FEB,,35000.0,20537.21
28/02/2026,UPI/529754/BIGBASKET/oksbi,842.18,,19695.03
28/02/2026,DMART*ORDER980124,543.58,,19151.45
02/03/2026,POS 1461 BLINKIT,200.5,,18950.95
02/03/2026,ZEPTO,326.75,,18624.2
03/03/2026,CROMA,1242.97,,17381.23
04/03/2026,UPI-UBER-126323,117.29,,17263.94
05/03/2026,UPI/423819271/LANDLORD/RENT,9000.0,,8263.94
05/03/2026,UPI/160449/GYM,1499.0,,6764.94
05/03/2026,SWIGGY,820.92,,5944.02
05/03/2026,OLA,277.97,,5666.05
05/03/2026,UPI-760724-VIKAS JAIN,1818.62,,3847.43
06/03/2026,UPI/428840/YOUTUBE PREMIUM,149.0,,3698.43
07/03/2026,UPI/547224/NETFLIX,649.0,,3049.43
08/03/2026,UPI/220930/SPOTIFY,119.0,,2930.43
08/03/2026,UPI/362019/NEHA GUPTA/paytm,620.35,,2310.08
08/03/2026,GROWW SIP,4000.0,,-1689.92
13/03/2026,BBPS/ELECTRICITY/BESCOM,473.87,,-2163.79
14/03/2026,UPI/966099/ZOMATO/okaxis,131.22,,-2295.01
14/03/2026,POS 4896 BLINKIT,416.38,,-2711.39
18/03/2026,SWIGGY,190.03,,-2901.42
18/03/2026,BLINKIT,342.22,,-3243.64
18/03/2026,PHONEPE*OLABLR,127.96,,-3371.6
19/03/2026,GPAY*UBER,103.37,,-3474.97
20/03/2026,POS 3902 DOMINOS,203.77,,-3678.74
20/03/2026,INTERNET,799.0,,-4477.74
21/03/2026,UPI/266661/DOMINOS/okaxis,230.98,,-4708.72
23/03/2026,PAYTM*MOBILERECHARGEBLR,399.0,,-5107.72
24/03/2026,UBER*ORDER534366,286.31,,-5394.03
25/03/2026,BHIM*DOMINOSBLR,405.78,,-5799.81
27/03/2026,POS 2243 OLA,208.1,,-6007.91
28/03/2026,UPI/985592/ZOMATO/ybl,222.08,,-6229.99
28/03/2026,POS 4546 BLINKIT,342.85,,-6572.84
28/03/2026,UPI/512040/AMIT VERMA/paytm,671.52,,-7244.36
29/03/2026,NEFT-HDFC0001234-SALARY-MAR,,35000.0,27755.64
29/03/2026,IMPS/P2A/971434/Vikas Jain,2511.18,,25244.46
31/03/2026,DOMINOS*ORDER447689,270.84,,24973.62
01/04/2026,BHIM*BLINKIT,734.95,,24238.67
01/04/2026,UPI/278377/OLA/okaxis,130.3,,24108.37
02/04/2026,UPI/423819271/LANDLORD/RENT,9000.0,,15108.37
03/04/2026,IMPS/P2A/957698/Priya Sharma,1447.9,,13660.47
04/04/2026,POS 8148 SWIGGY,307.82,,13352.65
04/04/2026,UPI/931748/DOMINOS/okaxis,274.57,,13078.08
05/04/2026,UPI/875690/GYM,1499.0,,11579.08
06/04/2026,NIFTY INDEX SIP,4000.0,,7579.08
07/04/2026,UPI/563858/NETFLIX,649.0,,6930.08
07/04/2026,UPI/760144/UBER/okicici,78.2,,6851.88
08/04/2026,UPI/840947/YOUTUBE PREMIUM,149.0,,6702.88
08/04/2026,GPAY*DMART,351.95,,6350.93
08/04/2026,UPI/248780/AMIT VERMA/paytm,979.89,,5371.04
09/04/2026,UPI/672139/SPOTIFY,119.0,,5252.04
10/04/2026,POS 6343 DOMINOS,517.96,,4734.08
11/04/2026,POS 8606 DOMINOS,291.75,,4442.33
12/04/2026,OLA,192.26,,4250.07
12/04/2026,BBPS/ELECTRICITY/BESCOM,546.04,,3704.03
12/04/2026,UPI-366429-NEHA GUPTA,1545.92,,2158.11
15/04/2026,UPI-UBER-509231,155.8,,2002.31
15/04/2026,GPAY*AMAZON,1200.5,,801.81
16/04/2026,UPI/404233/RAPIDO/ybl,305.1,,496.71
17/04/2026,GPAY*ZEPTO,320.07,,176.64
17/04/2026,UPI/374019/VIKAS JAIN/paytm,236.03,,-59.39
18/04/2026,UPI-MCDONALDS-615422,282.42,,-341.81
18/04/2026,ZEPTO*ORDER697258,605.47,,-947.28
18/04/2026,UPI-OLA-109172,147.45,,-1094.73
18/04/2026,UPI/530246/RAPIDO/okicici,148.37,,-1243.1
18/04/2026,IMPS/P2A/866738/Rajesh Kumar,685.1,,-1928.2
19/04/2026,PAYTM*MOBILERECHARGEBLR,399.0,,-2327.2
19/04/2026,UPI-861216-NEHA GUPTA,835.1,,-3162.3
21/04/2026,PHONEPE*DMARTBLR,825.88,,-3988.18
22/04/2026,POS 4132 RAPIDO,194.38,,-4182.56
23/04/2026,BHIM*OLA,174.27,,-4356.83
24/04/2026,UPI/467164/BLINKIT/paytm,546.03,,-4902.86
24/04/2026,UPI/194153/OLA/okicici,409.29,,-5312.15
24/04/2026,GPAY*OLA,235.86,,-5548.01
24/04/2026,INTERNET*ORDER381418,799.0,,-6347.01
26/04/2026,UPI-RAPIDO-189876,135.55,,-6482.56
27/04/2026,PHONEPE*DMART,420.2,,-6902.76
29/04/2026,NEFT-HDFC0001234-SALARY-APR,,35000.0,28097.24
29/04/2026,POS 9850 ZEPTO,407.09,,27690.15
30/04/2026,UPI/563124/BIGBASKET/paytm,434.36,,27255.79
01/05/2026,PHONEPE*MCDONALDSBLR,260.73,,26995.06
01/05/2026,PAYTM*FLIPKARTBLR,335.99,,26659.07
02/05/2026,UPI/891097/ZOMATO/paytm,212.36,,26446.71
02/05/2026,OLA*ORDER903238,107.75,,26338.96
03/05/2026,UPI/575767/DOMINOS/oksbi,320.05,,26018.91
04/05/2026,UPI/423819271/LANDLORD/RENT,9000.0,,17018.91
05/05/2026,UPI/286131/NETFLIX,649.0,,16369.91
05/05/2026,POS 4773 OLA,214.07,,16155.84
06/05/2026,UPI/850869/SWIGGY/paytm,474.68,,15681.16
06/05/2026,IMPS/P2A/426305/Vikas Jain,1863.83,,13817.33
07/05/2026,UPI/906508/GYM,1499.0,,12318.33
08/05/2026,ZERODHA SIP,4000.0,,8318.33
09/05/2026,UPI/208589/YOUTUBE PREMIUM,149.0,,8169.33
09/05/2026,CROMA*ORDER355168,602.31,,7567.02
10/05/2026,POS 9549 OLA,107.15,,7459.87
11/05/2026,UPI/947384/SPOTIFY,119.0,,7340.87
11/05/2026,BHIM*SWIGGY,243.52,,7097.35
11/05/2026,POS 6735 DMART,406.63,,6690.72
11/05/2026,OLA,224.76,,6465.96
12/05/2026,SWIGGY*ORDER655939,173.11,,6292.85
12/05/2026,UPI-SWIGGY-247955,167.4,,6125.45
12/05/2026,SWIGGY,309.04,,5816.41
13/05/2026,UPI-DOMINOS-425237,253.09,,5563.32
13/05/2026,UPI/490652/BLINKIT/oksbi,500.38,,5062.94
13/05/2026,POS 7475 OLA,267.56,,4795.38
15/05/2026,INTERNET*ORDER376941,899.0,,3896.38
18/05/2026,GPAY*MCDONALDSBLR,182.17,,3714.21
20/05/2026,POS 4962 MOBILE RECHARGE,499.0,,3215.21
21/05/2026,POS 3326 UBER,146.0,,3069.21
21/05/2026,BBPS/ELECTRICITY/BESCOM,944.58,,2124.63
22/05/2026,IMPS/P2A/585315/Rajesh Kumar,2278.03,,-153.4
24/05/2026,BIGBASKET,285.89,,-439.29
26/05/2026,PHONEPE*DMART,520.05,,-959.34
26/05/2026,UBER,274.05,,-1233.39
26/05/2026,IMPS/P2A/498492/Amit Verma,686.49,,-1919.88
27/05/2026,UPI/835217/SWIGGY/ybl,333.8,,-2253.68
27/05/2026,PHONEPE*ZOMATO,348.33,,-2602.01
27/05/2026,UPI/701063/CROMA/paytm,380.1,,-2982.11
27/05/2026,UPI/395310/VIKAS JAIN/paytm,1889.65,,-4871.76
28/05/2026,NEFT-HDFC0001234-SALARY-MAY,,35000.0,30128.24
29/05/2026,UPI/587870/CROMA/oksbi,978.57,,29149.67
30/05/2026,POS 9047 OLA,454.52,,28695.15
31/05/2026,PAYTM*UBERBLR,176.9,,28518.25
01/06/2026,PAYTM*UBERBLR,144.66,,28373.59
01/06/2026,UPI-326722-AMIT VERMA,685.76,,27687.83
03/06/2026,SWIGGY,351.01,,27336.82
03/06/2026,UPI-UBER-764017,188.21,,27148.61
05/06/2026,UPI/423819271/LANDLORD/RENT,9000.0,,18148.61
06/06/2026,UPI/431862/ZEPTO/oksbi,626.94,,17521.67
07/06/2026,POS 2587 MCDONALD'S,149.77,,17371.9
07/06/2026,UPI/612877/ZEPTO/okicici,514.06,,16857.84
07/06/2026,UPI-CROMA-742918,751.58,,16106.26
08/06/2026,PAYTM*MCDONALDS,257.15,,15849.11
09/06/2026,BHIM*ZOMATO,228.8,,15620.31
10/06/2026,BHIM*ZEPTOBLR,286.92,,15333.39
10/06/2026,PAYTM*BLINKIT,568.12,,14765.27
10/06/2026,PAYTM*INTERNET,799.0,,13966.27
11/06/2026,SWIGGY,173.45,,13792.82
11/06/2026,MUTUAL FUND SIP,4000.0,,9792.82
12/06/2026,ZEPTO*ORDER743005,894.69,,8898.13
12/06/2026,BBPS/ELECTRICITY/BESCOM,1153.96,,7744.17
12/06/2026,UPI/729245/MOBILE RECHARGE/okicici,399.0,,7345.17
12/06/2026,UPI-445559-AMIT VERMA,918.22,,6426.95
13/06/2026,UPI/997070/GYM,1499.0,,4927.95
13/06/2026,UPI-ZOMATO-360674,215.79,,4712.16
13/06/2026,PHONEPE*SWIGGY,214.87,,4497.29
13/06/2026,BHIM*FLIPKART,526.71,,3970.58
14/06/2026,UPI/942477/SPOTIFY,119.0,,3851.58
14/06/2026,UPI/951310/ZOMATO/paytm,186.32,,3665.26
15/06/2026,UPI/384439/NETFLIX,649.0,,3016.26
15/06/2026,UPI/118813/YOUTUBE PREMIUM,149.0,,2867.26
15/06/2026,UPI/655440/VIKAS JAIN/paytm,1016.97,,1850.29
20/06/2026,DOMINOS*ORDER515598,296.34,,1553.95
20/06/2026,MCDONALD'S,209.14,,1344.81
20/06/2026,OLA*ORDER251200,449.83,,894.98
23/06/2026,POS 6455 SWIGGY,844.34,,50.64
26/06/2026,UPI-UBER-585047,135.56,,-84.92
28/06/2026,IMPS/P2A/261611/Amit Verma,1201.05,,-1285.97
28/06/2026,UPI/577464/NEHA GUPTA/paytm,347.16,,-1633.13
29/06/2026,PHONEPE*SWIGGY,341.35,,-1974.48
29/06/2026,UPI-957677-PRIYA SHARMA,477.51,,-2451.99
30/06/2026,NEFT-HDFC0001234-SALARY-JUN,,35000.0,32548.01
02/07/2026,UPI/423819271/LANDLORD/RENT,9000.0,,23548.01
04/07/2026,UPI/657611/DMART/paytm,239.19,,23308.82
06/07/2026,POS 4093 DOMINOS,268.32,,23040.5
06/07/2026,GROWW SIP,4000.0,,19040.5
07/07/2026,UPI/275937/ZOMATO/oksbi,678.9,,18361.6
07/07/2026,UPI/286286/SWIGGY/okaxis,174.52,,18187.08
07/07/2026,ZEPTO,458.12,,17728.96
07/07/2026,BHIM*UBER,407.53,,17321.43
08/07/2026,ZOMATO,784.45,,16536.98
09/07/2026,UPI/332714/NETFLIX,649.0,,15887.98
09/07/2026,PHONEPE*MCDONALDS,339.04,,15548.94
09/07/2026,UPI/445323/UBER/ybl,401.15,,15147.79
09/07/2026,UPI/797416/AMAZON/okaxis,563.59,,14584.2
11/07/2026,UPI/241979/GYM,1499.0,,13085.2
11/07/2026,UPI-OLA-973211,152.77,,12932.43
11/07/2026,UPI/435754/CROMA/okaxis,738.49,,12193.94
11/07/2026,BBPS/ELECTRICITY/BESCOM,1100.1,,11093.84
12/07/2026,PHONEPE*DMARTBLR,562.46,,10531.38
12/07/2026,UPI/757450/OLA/oksbi,89.87,,10441.51
12/07/2026,UPI-482481-VIKAS JAIN,957.37,,9484.14
13/07/2026,UPI/193433/SPOTIFY,119.0,,9365.14
13/07/2026,UPI/812686/INTERNET/okicici,799.0,,8566.14
14/07/2026,UPI/413674/YOUTUBE PREMIUM,149.0,,8417.14
15/07/2026,PHONEPE*SWIGGYBLR,442.14,,7975.0
16/07/2026,UPI/104925/AMAZON/oksbi,1257.65,,6717.35
17/07/2026,OLA,163.17,,6554.18
17/07/2026,GPAY*UBERBLR,273.07,,6281.11
18/07/2026,OLA*ORDER495721,159.63,,6121.48
18/07/2026,UPI-CROMA-134687,761.2,,5360.28
18/07/2026,CROMA*ORDER769113,650.66,,4709.62
19/07/2026,UPI/634844/MOBILERECHARGE/okicici,599.0,,4110.62
21/07/2026,DOMINOS*ORDER100960,373.54,,3737.08
26/07/2026,IMPS/P2A/190995/Rajesh Kumar,1958.79,,1778.29
27/07/2026,BLINKIT,484.8,,1293.49
27/07/2026,BHIM*OLA,165.76,,1127.73
28/07/2026,BHIM*DOMINOSBLR,331.18,,796.55
29/07/2026,NEFT-HDFC0001234-SALARY-JUL,,35000.0,35796.55
30/07/2026,UPI/825571/ZEPTO/paytm,617.29,,35179.26
31/07/2026,PAYTM*BLINKIT,344.18,,34835.08
31/07/2026,UPI-DMART-544304,307.31,,34527.77
31/07/2026,RAPIDO,389.16,,34138.61
31/07/2026,IMPS/P2A/607952/Rohit S,627.91,,33510.7
03/08/2026,UPI/737098/BIGBASKET/oksbi,418.8,,33091.9
04/08/2026,UPI/423819271/LANDLORD/RENT,9000.0,,24091.9
04/08/2026,FLIPKART,369.98,,23721.92
05/08/2026,UPI/355957/SPOTIFY,119.0,,23602.92
05/08/2026,UPI/233563/RAJESH KUMAR/paytm,1417.17,,22185.75
06/08/2026,GPAY*DOMINOS,120.68,,22065.07
07/08/2026,UPI/853944/NETFLIX,649.0,,21416.07
09/08/2026,BLINKIT,1060.72,,20355.35
09/08/2026,GPAY*OLA,122.07,,20233.28
11/08/2026,ZERODHA SIP,4000.0,,16233.28
12/08/2026,UPI/373416/YOUTUBE PREMIUM,149.0,,16084.28
12/08/2026,ZEPTO,399.75,,15684.53
12/08/2026,UPI/606700/VIKAS JAIN/paytm,871.75,,14812.78
13/08/2026,UPI/886899/GYM,1499.0,,13313.78
13/08/2026,UPI/976974/SWIGGY/paytm,338.2,,12975.58
13/08/2026,DMART,617.96,,12357.62
13/08/2026,BHIM*MOBILERECHARGE,599.0,,11758.62
15/08/2026,UPI/292893/DOMINOS/paytm,320.56,,11438.06
15/08/2026,PHONEPE*RAPIDOBLR,175.73,,11262.33
17/08/2026,PHONEPE*OLA,231.1,,11031.23
19/08/2026,BBPS/ELECTRICITY/BESCOM,867.71,,10163.52
20/08/2026,POS 1360 SWIGGY,278.17,,9885.35
21/08/2026,DMART,368.19,,9517.16
22/08/2026,GPAY*UBER,102.53,,9414.63
23/08/2026,INTERNET,899.0,,8515.63
28/08/2026,UPI-697842-AMIT VERMA,2588.21,,5927.42
30/08/2026,UPI-SWIGGY-490250,144.02,,5783.4
30/08/2026,UPI/816208/OLA/okaxis,200.51,,5582.89
31/08/2026,NEFT-HDFC0001234-SALARY-AUG,,35000.0,40582.89
31/08/2026,PHONEPE*BIGBASKETBLR,453.05,,40129.84
31/08/2026,ZEPTO,246.72,,39883.12
01/09/2026,UPI/874410/UBER/okicici,303.32,,39579.8
02/09/2026,DOMINOS,800.19,,38779.61
02/09/2026,POS 7706 BIGBASKET,286.41,,38493.2
03/09/2026,GPAY*MCDONALDS,150.27,,38342.93
04/09/2026,UPI/423819271/LANDLORD/RENT,9000.0,,29342.93
04/09/2026,ZEPTO*ORDER664141,773.97,,28568.96
05/09/2026,UPI/362196/DMART/okaxis,976.39,,27592.57
06/09/2026,BHIM*MCDONALDSBLR,248.72,,27343.85
06/09/2026,PHONEPE*OLA,184.29,,27159.56
07/09/2026,UPI/556710/SPOTIFY,119.0,,27040.56
07/09/2026,UPI/349161/RAPIDO/ybl,157.11,,26883.45
07/09/2026,UPI-197791-VIKAS JAIN,1952.9,,24930.55
10/09/2026,UPI/784195/INTERNET/oksbi,899.0,,24031.55
10/09/2026,UPI/900908/RAJESH KUMAR/paytm,1399.82,,22631.73
11/09/2026,UPI/816743/NETFLIX,649.0,,21982.73
11/09/2026,UPI/686701/GYM,1499.0,,20483.73
11/09/2026,PHONEPE*DMARTBLR,284.95,,20198.78
12/09/2026,GPAY*UBER,153.18,,20045.6
13/09/2026,UPI/876713/YOUTUBE PREMIUM,149.0,,19896.6
13/09/2026,UPI/623423/UBER/paytm,234.4,,19662.2
13/09/2026,ZERODHA SIP,4000.0,,15662.2
14/09/2026,PHONEPE*ZOMATOBLR,434.96,,15227.24
15/09/2026,DOMINOS,312.59,,14914.65
15/09/2026,GPAY*ZOMATOBLR,242.68,,14671.97
15/09/2026,BBPS/ELECTRICITY/BESCOM,988.59,,13683.38
17/09/2026,UPI-SWIGGY-388660,334.95,,13348.43
17/09/2026,UPI-MOBILERECHARGE-529480,599.0,,12749.43
17/09/2026,UPI-611350-PRIYA SHARMA,562.81,,12186.62
19/09/2026,UPI/696275/MCDONALD'S/oksbi,627.44,,11559.18
21/09/2026,BHIM*SWIGGYBLR,407.18,,11152.0
23/09/2026,MYNTRA*ORDER548138,471.09,,10680.91
24/09/2026,UPI/674142/DOMINOS/okicici,543.75,,10137.16
27/09/2026,UPI-BLINKIT-199651,462.39,,9674.77
27/09/2026,BHIM*BLINKIT,563.12,,9111.65
27/09/2026,UPI/652164/AMAZON/okicici,328.82,,8782.83
28/09/2026,PHONEPE*UBERBLR,498.03,,8284.8
29/09/2026,NEFT-HDFC0001234-SALARY-SEP,,35000.0,43284.8
29/09/2026,DOMINOS,519.99,,42764.81
29/09/2026,UPI-MCDONALDS-482573,191.34,,42573.47
30/09/2026,UPI-ZOMATO-530151,160.29,,42413.18
30/09/2026,UPI-863052-RAJESH KUMAR,3215.43,,39197.75
